,edc,axdc2,axdc6,sma,ama1,ama2
energy,7.4555754e-14,6.482100099999999e-14,3.0826816999999986e-14,2.656032399999999e-13,6.064396799999999e-14,1.4391487600000002e-13
power,2.98223016e-05,2.5928400400000004e-05,1.2330726800000004e-05,0.000106241296,2.4257587199999997e-05,5.756595039999998e-05
energy_per_comparison,9.809967631578946e-16,8.529079078947367e-16,2.7523943749999987e-16,2.012145757575757e-15,1.0829279999999998e-15,1.2849542500000001e-15
power_per_comparison,3.923987052631579e-07,3.411631631578948e-07,1.1009577500000004e-07,8.04858303030303e-07,4.3317119999999997e-07,5.139816999999999e-07
avg_energy,1.33135275e-15,1.1575178749999997e-15,5.504788749999997e-16,4.742914999999999e-15,1.0829279999999998e-15,2.5699085000000003e-15
avg_power,5.325411e-07,4.6300715000000005e-07,2.2019155000000008e-07,1.897166e-06,4.3317119999999997e-07,1.0279633999999997e-06
num_inputs,56.0,56.0,56.0,56.0,56.0,56.0
n_ops,76.0,76.0,112.0,132.0,56.0,112.0
