,exact,sma,ama1,ama2,axa2,axa3
ED,0.0,10795.0,10795.0,16384.0,0.0,0.0
ER,0.0,0.1647186279296875,0.1647186279296875,0.25,0.0,0.0
