,exact,sma,ama1,ama2,axa2,axa3
ED,0.0,35.0,35.0,64.0,0.0,0.0
ER,0.0,0.13671875,0.13671875,0.25,0.0,0.0
